Id,Cultivo,Longitud,Latitud,Elevacion,Dataset,Campania,GlobalId
1,S,-62.14416324633826,-33.80020220924775,104.111862,BC,18/19,1
4,M,-62.15541768921365,-33.80174165962358,105.698082,BC,18/19,4
6,N,-62.16361536982659,-33.80809159971218,104.233162,BC,18/19,6
7,M,-62.164773234319945,-33.81367146108375,103.859932,BC,18/19,7
9,M,-62.09720026248786,-33.778627748600684,98.532104,BC,18/19,9
10,N,-62.09946967689482,-33.775894467381505,98.532104,BC,18/19,10
14,S,-62.13119516401269,-33.7892713153716,103.085487,BC,18/19,14
15,S,-62.14022650706085,-33.79708473742619,101.863167,BC,18/19,15
23,S,-62.20742896225508,-33.844642692435954,115.140739,BC,18/19,23
25,N,-62.17222988165713,-33.81601874228309,103.58934000000001,BC,18/19,25
26,N,-62.17375826278837,-33.81297880842235,103.58934000000001,BC,18/19,26
27,N,-62.17422140858571,-33.817827259273074,103.561348,BC,18/19,27
28,A,-62.17727817084816,-33.81444106857418,103.561348,BC,18/19,28
30,M,-62.183715897431206,-33.81686528691121,103.253433,BC,18/19,30
33,S,-62.05285405239242,-33.75454492603374,102.544304,BC,18/19,33
34,M,-62.05540135427779,-33.75200341815144,102.544304,BC,18/19,34
38,P,-62.07987860966729,-33.765653511638085,100.799461,BC,18/19,38
39,P,-62.088979424585055,-33.773950319917006,102.068436,BC,18/19,39
45,M,-62.03739656140616,-33.74570708551937,97.011208,BC,18/19,45
46,S,-62.03952703207393,-33.74407034842987,97.011208,BC,18/19,46
49,N,-62.14194014651103,-33.87944788148834,110.792633,BC,18/19,49
52,M,-62.14180120277182,-33.884907739368664,108.525276,BC,18/19,52
54,S,-62.13675291358079,-33.88840647867912,108.292007,BC,18/19,54
55,N,-62.13087096195457,-33.886714798468226,106.845757,BC,18/19,55
57,S,-62.146478975324975,-33.87075752803806,113.059998,BC,18/19,57
60,S,-62.14620108784657,-33.8759872272956,108.627914,BC,18/19,60
61,N,-62.14184751735156,-33.87617948954359,110.801964,BC,18/19,61
62,N,-62.145784256628964,-33.87517972112423,110.801964,BC,18/19,62
64,S,-62.14782209813726,-33.87825589422206,107.274963,BC,18/19,64
65,N,-62.1231827417187,-33.89413487386679,108.609253,BC,18/19,65
66,M,-62.12179330432667,-33.89809454630533,108.609253,BC,18/19,66
69,M,-62.119755462818375,-33.90170806748167,107.069687,BC,18/19,69
70,M,-62.12276591050109,-33.89897871989309,107.069687,BC,18/19,70
71,M,-62.12049649609412,-33.90551363165171,104.382454,BC,18/19,71
72,S,-62.12438692079178,-33.90916527593218,104.382454,BC,18/19,72
73,N,-62.12975941204094,-33.89167440226404,106.855087,BC,18/19,73
74,M,-62.133835095057556,-33.89321220533399,106.855087,BC,18/19,74
75,M,-62.12776788511238,-33.89359665176907,105.67009,BC,18/19,75
76,M,-62.130778332795096,-33.895787963357535,105.67009,BC,18/19,76
77,M,-62.12605424566221,-33.89655683127237,106.481857,BC,18/19,77
78,M,-62.12906469334493,-33.89828675873475,106.481857,BC,18/19,78
79,M,-62.125313212386466,-33.89763323470701,106.715126,BC,18/19,79
80,N,-62.12387746041472,-33.90005509275592,106.715126,BC,18/19,80
81,M,-62.204650087471045,-33.86064330361107,111.809685,BC,18/19,81
82,S,-62.207058445617214,-33.86564287989032,111.809685,BC,18/19,82
83,M,-62.20006494407736,-33.861335570095044,112.518814,BC,18/19,83
85,M,-62.196267148539164,-33.86218166595385,113.526527,BC,18/19,85
86,S,-62.19802710256906,-33.86679658668831,113.526527,BC,18/19,86
88,S,-62.19506296946608,-33.86752725959644,116.922897,BC,18/19,88
89,S,-62.20858682674844,-33.847989221964845,110.176811,BC,18/19,89
92,S,-62.2176181697966,-33.85191257240996,111.287163,BC,18/19,92
93,N,-62.21168990359062,-33.85898953318211,107.797485,BC,18/19,93
94,N,-62.21400563257733,-33.863873832519786,107.797485,BC,18/19,94
100,M,-62.1625501344927,-33.873410871384124,115.915184,BC,18/19,100
101,P,-62.156621868286734,-33.869565419392295,116.633652,BC,18/19,101
102,M,-62.158381822316635,-33.87425684757276,116.633652,BC,18/19,102
104,M,-62.15337984770537,-33.8746798325226,116.978882,BC,18/19,104
105,S,-62.190153624014265,-33.86337387770665,114.394279,BC,18/19,105
106,S,-62.19131148850761,-33.86791182177305,114.394279,BC,18/19,106
108,S,-62.18589268267871,-33.86914240909681,117.072189,BC,18/19,108
109,R,-62.17741711458736,-33.866642760016056,111.688385,BC,18/19,109
110,S,-62.17954758525514,-33.8702576135361,111.688385,BC,18/19,110
112,S,-62.17255408371529,-33.87152662155488,114.049049,BC,18/19,112
113,S,-62.07075463745968,-33.89413487386679,109.057129,BC,18/19,113
115,M,-62.073487197663994,-33.89021346366552,109.215752,BC,18/19,115
117,N,-62.07520083711415,-33.888137349980504,107.424255,BC,18/19,117
118,N,-62.06913362716899,-33.885330671525004,107.424255,BC,18/19,118
119,N,-62.07714604946299,-33.88521532659939,107.162994,BC,18/19,119
120,P,-62.07154198531514,-33.88267769878109,107.162994,BC,18/19,120
121,S,-62.053664557537765,-33.912855199658644,110.298111,BC,18/19,121
123,S,-62.058990734207185,-33.90755088406846,108.310669,BC,18/19,123
126,S,-62.05843495925039,-33.89909404620688,112.070938,BC,18/19,126
128,S,-62.06024122786002,-33.89747946361965,112.798737,BC,18/19,128
129,M,-62.08180066472627,-33.852893381866636,108.021423,BC,18/19,129
130,M,-62.07841970040567,-33.85585497344607,108.021423,BC,18/19,130
132,S,-62.073811399722125,-33.85112407036686,108.889175,BC,18/19,132
134,S,-62.07033780624205,-33.847816128824576,107.321617,BC,18/19,134
136,S,-62.06779050435668,-33.84410415819903,106.13662,BC,18/19,136
140,S,-62.07506189337495,-33.87771757193441,108.077408,BC,18/19,140
143,M,-62.084741640539384,-33.87275715676789,105.42749,BC,18/19,143
144,S,-62.08261116987162,-33.8709113472958,105.42749,BC,18/19,144
149,N,-62.09405087106593,-33.93514509027444,107.806816,BC,18/19,149
150,N,-62.08932678393305,-33.93860334364879,107.806816,BC,18/19,150
151,S,-62.08955835683172,-33.933454337505886,107.844139,BC,18/19,151
153,S,-62.11827339626688,-33.91012620895322,106.668472,BC,18/19,153
159,S,-62.105351628521056,-33.92500007013646,110.148819,BC,18/19,159
163,M,-62.06255695684672,-33.918889418142975,114.674202,BC,18/19,163
164,M,-62.05963913832347,-33.922732646641094,114.674202,BC,18/19,164
165,S,-62.05829601551118,-33.9167371344596,113.80645,BC,18/19,165
166,S,-62.05445190539324,-33.92054202764304,113.80645,BC,18/19,166
168,S,-62.05070042443478,-33.91915844978084,114.954124,BC,18/19,168
169,S,-62.08738157158422,-33.93222467804372,109.831573,BC,18/19,169
170,S,-62.08363009062575,-33.93552934758551,109.831573,BC,18/19,170
172,S,-62.07918389097127,-33.93214782373779,115.719238,BC,18/19,172
173,S,-62.07779445357926,-33.92695999774648,118.956993,BC,18/19,173
174,S,-62.07478400589653,-33.92991901869586,118.956993,BC,18/19,174
175,S,-62.071819872793554,-33.923462840456565,116.652313,BC,18/19,175
176,S,-62.06922625632844,-33.927536438461274,116.652313,BC,18/19,176
177,S,-61.99635026511678,-33.64507642496248,112.910706,BC,18/19,177
179,M,-61.9999164877563,-33.642608791437866,115.187393,BC,18/19,179
181,M,-62.00283430627956,-33.6380203473418,118.033257,BC,18/19,181
183,M,-62.00487214778786,-33.63416432290384,117.230812,BC,18/19,183
185,M,-61.96735733820318,-33.68169704169648,110.708656,BC,18/19,185
186,S,-61.963189026027116,-33.67903775350607,110.708656,BC,18/19,186
187,S,-61.98731892206862,-33.65698947291287,109.206421,BC,18/19,187
188,S,-61.98213168913839,-33.655293217252286,109.206421,BC,18/19,188
189,S,-61.98977359479453,-33.654445076883675,108.1987,BC,18/19,189
191,S,-61.992830357056974,-33.65028135747624,107.85347,BC,18/19,191
195,S,-62.014598209532025,-33.611294550798064,111.212517,BC,18/19,195
196,S,-62.01066147025462,-33.608864521870565,111.212517,BC,18/19,196
197,M,-62.020155959100116,-33.60419713133355,107.013702,BC,18/19,197
198,S,-62.0146908386915,-33.60311703801958,107.013702,BC,18/19,198
199,M,-62.021776969390814,-33.601612599785845,106.556503,BC,18/19,199
200,S,-62.01723814057687,-33.59987667690087,106.556503,BC,18/19,200
201,aa,-62.00755839341244,-33.63019243723589,119.367538,BC,18/19,201
202,S,-62.00260273338088,-33.627955760816576,119.367538,BC,18/19,202
203,aa,-62.00945729118153,-33.62722304384402,121.615204,BC,18/19,203
205,S,-62.01205090764665,-33.62429211363415,121.700218,BC,18/19,205
207,P,-62.01223616596559,-33.61596155708259,115.952507,BC,18/19,207
209,M,-62.03967755445806,-33.81980888823778,110.932594,BC,18/19,209
212,S,-62.03022938019231,-33.81830824139673,104.839653,BC,18/19,212
213,S,-62.02617685446557,-33.811959059575635,104.438438,BC,18/19,213
214,S,-62.02578318053783,-33.81580710481694,104.438438,BC,18/19,214
215,S,-62.02177696939083,-33.80997724874901,107.10701,BC,18/19,215
217,X,-62.0673505158492,-33.83856475190533,105.072922,BC,18/19,217
219,X,-62.058272858221336,-33.82750409930627,104.167847,BC,18/19,219
220,N,-62.054243489784454,-33.829639397626686,104.167847,BC,18/19,220
221,N,-62.05051516611585,-33.82377200842254,109.07579,BC,18/19,221
222,N,-62.04935730162249,-33.826407574039074,109.07579,BC,18/19,222
224,N,-62.04474900093894,-33.82583044982896,110.055511,BC,18/19,224
226,S,-62.01084672857359,-33.789579246979685,100.276947,BC,18/19,226
227,X,-62.010454,-33.783648,95.07975,BC,18/19,227
228,S,-62.010454,-33.783648,95.07975,BC,18/19,228
233,R,-62.016010804213934,-33.80695634198545,103.878593,BC,18/19,233
234,S,-62.01411190644483,-33.809188359820546,103.878593,BC,18/19,234
235,M,-62.00751207883271,-33.80266531655731,104.326469,BC,18/19,235
236,X,-62.00776680902126,-33.80605197335659,104.326469,BC,18/19,236
237,M,-62.00734997780365,-33.80135679962564,104.2145,BC,18/19,237
238,X,-62.00376059787426,-33.79937474322885,104.2145,BC,18/19,238
239,S,-62.01100882960265,-33.797873737940165,103.066826,BC,18/19,239
242,S,-61.976434995831106,-33.57749943232254,104.261154,BC,18/19,242
246,S,-61.97129407748063,-33.584328965406044,104.158516,BC,18/19,246
249,M,-61.98282640783442,-33.55801107085593,105.810043,BC,18/19,249
251,M,-61.98060330800718,-33.560481126399935,104.904968,BC,18/19,251
256,S,-61.97773180406367,-33.57387222892596,99.978363,BC,18/19,256
258,M,-61.9793296570645,-33.546132590743426,108.665237,BC,18/19,258
263,M,-61.95874282637267,-33.54101787623283,109.477005,BC,18/19,263
271,M,-61.98460951915418,-33.544646459613574,108.599922,BC,18/19,271
274,S,-62.030854627018726,-33.57807822727298,105.987328,BC,18/19,274
276,S,-62.03460610797719,-33.57364070012989,103.682648,BC,18/19,276
278,S/M,-62.03233669357021,-33.5725988128629,109.66362,BC,18/19,278
281,M,-62.026130539885834,-33.59725343824283,108.366653,BC,18/19,281
284,S,-62.021035936115084,-33.58822580140337,105.912682,BC,18/19,284
285,S,-62.031873547772875,-33.588573035674735,110.120827,BC,18/19,285
286,S,-62.02543582118982,-33.58375021237681,110.120827,BC,18/19,286
287,S,-62.03493031003533,-33.58351871007823,105.632767,BC,18/19,287
292,S,-61.990931459287886,-33.55256898049552,108.973152,BC,18/19,292
293,S,-61.9875504949673,-33.55129525026339,110.307442,BC,18/19,293
295,S,-61.98467899102378,-33.55527077033683,107.302956,BC,18/19,295
297,S,-62.02140645275295,-33.562024875242706,110.130157,BC,18/19,297
298,S,-62.01733076973634,-33.56650159083608,110.130157,BC,18/19,298
301,S,-62.01177302016825,-33.55708478181532,107.61087,BC,18/19,301
303,S,-62.00468688946892,-33.55411287075166,110.307442,BC,18/19,303
306,N,-61.91944490546825,-33.67764063073843,103.066826,BC,18/19,306
308,N,-61.925257385224874,-33.68037704298464,103.281425,BC,18/19,308
309,M,-61.924979497746484,-33.55553129560459,109.644958,BC,18/19,309
310,X,-61.929217281792155,-33.557403194793466,109.644958,BC,18/19,310
316,M,-61.896287615601196,-33.60258663009955,107.536224,BC,18/19,316
318,S,-61.95691340047318,-33.54678879635486,107.554886,BC,18/19,318
321,S,-61.94065698298649,-33.54507107111574,112.47216,BC,18/19,321
322,X,-61.942833768233996,-33.54810119262814,112.47216,BC,18/19,322
323,S,-61.92984252861857,-33.54895037959495,110.232796,BC,18/19,323
327,S,-61.89732969364521,-33.67041377128443,103.822609,BC,18/19,327
328,M,-61.90013172571912,-33.66632791802778,103.822609,BC,18/19,328
329,S,-61.90073381525567,-33.67369002282455,104.755676,BC,18/19,329
330,S,-61.905017913881075,-33.670124684274136,104.755676,BC,18/19,330
331,S,-61.906939968940044,-33.67686979466611,104.513077,BC,18/19,331
333,S,-61.86988830515273,-33.6255358429082,102.049774,BC,18/19,333
340,M,-61.88556579039273,-33.65879170791608,105.42749,BC,18/19,340
342,M,-61.79064405922764,-33.846546768413674,100.332932,BC,18/19,342
345,S,-61.806344701757524,-33.87473751212604,92.924362,BC,18/19,345
346,S,-61.81083721599173,-33.872622567843,92.924362,BC,18/19,346
347,S,-61.72209848122112,-33.8395841834957,105.455482,BC,18/19,347
348,S,-61.723117401975266,-33.84404645790088,105.455482,BC,18/19,348
349,S,-61.707648332344085,-33.842315430838674,103.328079,BC,18/19,349
350,M,-61.708481994779305,-33.84635443943345,103.328079,BC,18/19,350
353,M,-61.708389365619816,-33.838545517230116,101.349976,BC,18/19,353
360,S,-61.74984091448188,-33.8381223532806,102.049774,BC,18/19,360
361,S,-61.73904961740381,-33.83773765696285,102.628281,BC,18/19,361
362,S,-61.73974433609983,-33.84019968347403,102.628281,BC,18/19,362
364,S,-61.90860729381048,-33.80945773734567,106.98571,BC,18/19,364
366,S,-61.89985383824073,-33.81099702121874,104.737015,BC,18/19,366
367,M,-61.88683944133543,-33.80968863169215,101.452614,BC,18/19,367
368,S,-61.89031303481549,-33.81334437580361,101.452614,BC,18/19,368
370,S,-61.87669654837367,-33.81499902967501,100.519547,BC,18/19,370
375,S,-61.93734549053551,-33.797161713406226,101.219345,BC,18/19,375
377,S,-61.919537534627736,-33.80418548022191,105.651428,BC,18/19,377
378,S,-61.92000068042507,-33.806032731367004,105.651428,BC,18/19,378
379,M,-61.80087958134888,-33.825080182532155,103.440048,BC,18/19,379
382,M,-61.79383976522929,-33.830889772785184,103.216118,BC,18/19,382
386,s,-61.78397475974593,-33.83489085039415,104.662369,BC,18/19,386
388,S,-61.8706293384285,-33.815807104816926,96.619316,BC,18/19,388
391,S,-61.827186262637866,-33.81992432151954,105.418159,BC,18/19,391
394,M,-61.81653390929902,-33.82623443718505,103.524025,BC,18/19,394
396,M,-61.699358022571666,-33.77624094447562,97.766991,BC,18/19,396
399,M,-61.69569917077266,-33.76757859673393,98.177544,BC,18/19,399
400,S,-61.69217926271287,-33.77273761153162,98.177544,BC,18/19,400
401,M,-61.6900487920451,-33.76472945543132,98.168213,BC,18/19,401
402,M,-61.686853086043456,-33.769503638583544,98.168213,BC,18/19,402
404,S,-61.722978458236085,-33.788828661744716,101.919151,BC,18/19,404
407,M,-61.715799698377296,-33.77966714251294,100.706161,BC,18/19,407
409,S,-61.70908408431584,-33.775009019552044,98.168213,BC,18/19,409
411,M,-61.65786015912988,-33.74736304655037,94.911797000000007,BC,18/19,411
413,M,-61.65285818451861,-33.74462876812374,94.351959,BC,18/19,413
414,S,-61.647624637008654,-33.748710898202674,94.351959,BC,18/19,414
415,S,-61.64535522260168,-33.74039238996242,95.872856,BC,18/19,415
416,S,-61.641325854164805,-33.74451323331296,95.872856,BC,18/19,416
417,S,-61.64039956257012,-33.737850462634604,94.613213,BC,18/19,417
419,S,-61.68282371760659,-33.76060958361329,97.822975,BC,18/19,419
420,S,-61.67786805757503,-33.76503747527397,97.822975,BC,18/19,420
421,S,-61.675783901487,-33.75722112941229,98.065575,BC,18/19,421
422,R,-61.67268082464481,-33.76091761826243,98.065575,BC,18/19,422
423,S,-61.672125049688,-33.754487165327575,99.922379,BC,18/19,423
424,R,-61.66883671452688,-33.758992383543806,99.922379,BC,18/19,424
425,S,-61.662584246262774,-33.74978916427142,96.964554,BC,18/19,425
427,M,-61.71691124829089,-33.829312373414396,97.085846,BC,18/19,427
429,M,-61.719551179335745,-33.82608053746493,95.966164,BC,18/19,429
430,S,-61.71589232753674,-33.823541152090364,95.966164,BC,18/19,430
432,M,-61.718578573161324,-33.81907780716845,97.916283,BC,18/19,432
433,P,-61.72751728705001,-33.81673060991713,95.807549,BC,18/19,433
435,P,-61.7090377697361,-33.83766071749152,101.788521,BC,18/19,435
436,M,-61.706119951212855,-33.83542944269318,101.788521,BC,18/19,436
437,S,-61.71079772376599,-33.836622027849245,103.83194,BC,18/19,437
438,M,-61.70755570318462,-33.83431378345054,103.83194,BC,18/19,438
439,M,-61.71232610489723,-33.83462155297195,103.449379,BC,18/19,439
440,M,-61.70806516356168,-33.833236581398786,103.449379,BC,18/19,440
441,M,-61.713854486028445,-33.83335199655364,101.079384,BC,18/19,441
442,S,-61.71028826338892,-33.831159081964095,101.079384,BC,18/19,442
443,G,-61.736131798880564,-33.804070025701286,103.496033,BC,18/19,443
444,S,-61.733028722038384,-33.8021457607587,103.496033,BC,18/19,444
446,S,-61.73423290111146,-33.800567831219304,103.038834,BC,18/19,446
447,S,-61.737335977953656,-33.7921003953677,106.164612,BC,18/19,447
449,S,-61.73159297006662,-33.78790485549988,102.077766,BC,18/19,449
450,M,-61.72913829734071,-33.790714735213236,102.077766,BC,18/19,450
455,m,-61.73390869905332,-33.80784145947295,98.840019,BC,18/19,455
457,S,-61.73557602392375,-33.80572485894542,102.964188,BC,18/19,457
458,S,-61.73168559922608,-33.803608206061156,102.964188,BC,18/19,458
463,P,-61.4090350795082,-33.64451735793893,79.040291,BC,18/19,463
466,P,-61.3989153438363,-33.64399684399826,78.974976,BC,18/19,466
468,S,-61.54976193003039,-33.684799440622996,101.452614,BC,18/19,468
469,S,-61.546473594869276,-33.67720703629805,100.071671,BC,18/19,469
472,S,-61.536469645646704,-33.68025178657962,92.849716,BC,18/19,472
473,X,-61.52113951975471,-33.67123284587023,82.856544,BC,18/19,473
475,S,-61.36332258931062,-33.624909159859214,95.266365,BC,18/19,475
477,S,-61.351836573536545,-33.620821146277116,95.499634,BC,18/19,477
478,S,-61.34989136118771,-33.62359793134861,95.499634,BC,18/19,478
479,S,-61.348316665476766,-33.618892770662605,96.843254,BC,18/19,479
480,S,-61.345954621910316,-33.62174675124383,96.843254,BC,18/19,480
481,S,-61.34113790561796,-33.616964351895234,98.905334,BC,18/19,481
483,P,-61.39884587196669,-33.63888792904601,82.595284,BC,18/19,483
487,R,-61.38124633166772,-33.629459739287846,91.095543,BC,18/19,487
488,R,-61.37837482772421,-33.63466561584435,91.095543,BC,18/19,488
490,S,-61.36804667644349,-33.63069375329364,92.691093,BC,18/19,490
494,M,-61.61821487887745,-33.716163990912996,95.415657,BC,18/19,494
495,S,-61.60362578626121,-33.70341148275698,96.302071,BC,18/19,495
500,S,-61.63368394850866,-33.73981468582008,91.599403,BC,18/19,500
503,S,-61.63122927578275,-33.727489404008246,89.313385,BC,18/19,503
504,M,-61.62770936772295,-33.73049385463057,89.313385,BC,18/19,504
509,M,-61.57347499485428,-33.68772831077182,99.586472,BC,18/19,509
510,S,-61.57171504082439,-33.69007904224589,99.586472,BC,18/19,510
511,X,-61.56675938079283,-33.68298811572091,98.951988,BC,18/19,511
512,M,-61.56263738319649,-33.685917047586386,98.951988,BC,18/19,512
513,S,-61.56055322710846,-33.68071427086036,99.082619,BC,18/19,513
514,S,-61.556477544091855,-33.68676487765874,99.082619,BC,18/19,514
516,S,-61.59116716431273,-33.70194732741423,96.152779,BC,18/19,516
518,S,-61.58843460410843,-33.69855655607277,96.395378,BC,18/19,518
519,S,-61.58602624596224,-33.69354721717267,97.151161,BC,18/19,519
520,S,-61.583710516975536,-33.69636018958427,97.151161,BC,18/19,520
523,M,-61.318026930330625,-33.60805449700587,95.229042,BC,18/19,523
525,S,-61.31561857218445,-33.60774591410303,92.243217,BC,18/19,525
528,S,-61.309875564297414,-33.61090883649431,90.84362,BC,18/19,528
529,M,-61.31006082261634,-33.607090171767155,89.565315,BC,18/19,529
532,M,-61.33261602294689,-33.61920131366084,98.812027,BC,18/19,532
536,S,-61.32478885897181,-33.6139173622916,97.822975,BC,18/19,536
539,S,-61.306633543716025,-33.606472997953695,91.543419,BC,18/19,539
540,S,-61.30431781472932,-33.60925024532154,91.543419,BC,18/19,540
541,M,-61.81032775561466,-33.881235831167814,96.208763,BC,18/19,541
542,S,-61.81593181976249,-33.878659633709205,96.208763,BC,18/19,542
543,M,-61.81370871993524,-33.88577282562848,97.655022,BC,18/19,543
544,S,-61.82000750277909,-33.88235087759093,97.655022,BC,18/19,544
546,S,-61.82255480466446,-33.88596506582826,98.662735,BC,18/19,546
547,M,-61.818479121647854,-33.89238563963026,100.920761,BC,18/19,547
548,S,-61.82352741083888,-33.89007890227289,100.920761,BC,18/19,548
550,M,-61.78605891583396,-33.84085364734371,104.233162,BC,18/19,550
1,X,-61.89829046800678,-33.5994981626966,106.229927,BC,19/20,551
4,S,-61.89509476200511,-33.592631250669825,103.757294,BC,19/20,554
5,X,-61.90648814861971,-33.5885417062615,105.558121,BC,19/20,555
7,X,-61.87508686355997,-33.62996830822912,104.065208,BC,19/20,557
9,X,-61.88337717333238,-33.618938588145134,105.166229,BC,19/20,559
11,M,-61.88606341895696,-33.61465744232179,106.01532,BC,19/20,561
12,S,-61.87990357985233,-33.61153322872211,106.01532,BC,19/20,562
14,M,-61.884905554463614,-33.60586307036931,107.200317,BC,19/20,564
16,S,-61.92010463506155,-33.56017962780671,104.765007,BC,19/20,566
18,S,-61.920243578800736,-33.55508504306499,107.890793,BC,19/20,568
21,M,-61.827869149521035,-33.65231265964186,107.508232,BC,19/20,571
22,X,-61.831759574218694,-33.65437521936413,107.508232,BC,19/20,572
23,X,-61.90871124844695,-33.58468346778809,104.848984,BC,19/20,573
24,S,-61.90324612803832,-33.582291273291986,104.848984,BC,19/20,574
26,S,-61.90875756302669,-33.573918070330734,112.416176,BC,19/20,576
27,X,-61.91718681653829,-33.572721832168746,109.747597,BC,19/20,577
28,M,-61.912138527347274,-33.57036789577091,109.747597,BC,19/20,578
29,M,-61.922142476569846,-33.56766657819572,105.819374,BC,19/20,579
30,S,-61.91639946868281,-33.56427051619237,105.819374,BC,19/20,580
35,N,-61.925755013789114,-33.679892895841725,102.982849,BC,19/20,585
36,N,-61.91968780384395,-33.68594356045006,102.982849,BC,19/20,586
37,N,-61.922235105729335,-33.67831271584891,103.160133,BC,19/20,587
38,S,-61.91519528960974,-33.68255215758194,103.160133,BC,19/20,588
41,M,-62.083772037692505,-33.69218015276815,111.902985,BC,19/20,591
42,M,-62.084605700127725,-33.694665631573685,111.902985,BC,19/20,592
43,M,-62.063694667377604,-33.69622624431428,111.865669,BC,19/20,593
44,M,-62.06450517252295,-33.69796022522685,111.865669,BC,19/20,594
45,M,-62.06008213015831,-33.6964959769768,112.59346,BC,19/20,595
46,s,-62.0614252529706,-33.69840334806814,112.59346,BC,19/20,596
47,M,-61.893566380873914,-33.662278027983746,104.373123,BC,19/20,597
48,S,-61.88884229374102,-33.66786738117199,104.373123,BC,19/20,598
49,S,-61.8878696875666,-33.6578833849705,104.102531,BC,19/20,599
50,S,-61.88370137539054,-33.66320318738443,104.102531,BC,19/20,600
51,M,-61.88106144434569,-33.65576308219633,104.046547,BC,19/20,601
52,s,-61.87619841347361,-33.66166124952288,104.046547,BC,19/20,602
53,S,-61.87439214486398,-33.65279457054441,106.211266,BC,19/20,603
54,S,-61.87017751810818,-33.657459328595195,106.211266,BC,19/20,604
55,M,-61.916723670740964,-33.674612668600545,104.92363,BC,19/20,605
57,M,-61.913944795956915,-33.67314802258161,105.110245,BC,19/20,607
58,S,-61.90996174209978,-33.67854396351553,105.110245,BC,19/20,608
59,M,-61.910424887897115,-33.67141354108796,103.663986,BC,19/20,609
60,S,-61.90551554244529,-33.6756147804511,103.663986,BC,19/20,610
61,m,-61.90445030711141,-33.66952484367864,102.805565,BC,19/20,611
62,S,-61.89981884913801,-33.673995978580344,102.805565,BC,19/20,612
70,N,-62.090455810480286,-33.77236797867533,100.678169,BC,19/20,620
71,S,-61.776761010784426,-33.71925312504545,94.58522,BC,19/20,621
72,S,-61.78060512090236,-33.720196932579356,94.58522,BC,19/20,622
74,S,-61.775672618160684,-33.72572473975726,94.594551,BC,19/20,624
79,P,-62.117908777617885,-33.786775061780425,101.424622,BC,19/20,629
80,S,-62.11893927701697,-33.785148732196,101.424622,BC,19/20,630
81,M,-62.129996882928566,-33.79144216747421,102.283043,BC,19/20,631
83,P,-62.135768837427975,-33.79328488245098,102.758911,BC,19/20,633
86,M,-62.144261773486754,-33.793775624921246,103.11348,BC,19/20,636
87,P,-62.095700936635225,-33.777334220883425,100.388916,BC,19/20,637
88,P,-62.09741457608539,-33.77574620962789,100.388916,BC,19/20,638
90,P,-62.100633439376935,-33.77771918887567,100.594193,BC,19/20,640
92,P,-62.10678169983668,-33.78109720880623,100.06234,BC,19/20,642
94,S,-62.113416263383655,-33.783301030338045,100.986076,BC,19/20,644
95,S,-61.81281691110744,-33.671355724435706,102.926865,BC,19/20,645
96,S,-61.817378897211256,-33.673514186424946,102.926865,BC,19/20,646
97,S,-61.81105695707754,-33.67364908850053,102.562965,BC,19/20,647
98,S,-61.81568841505096,-33.67549915275664,102.562965,BC,19/20,648
99,P,-61.80915805930844,-33.67609656083774,102.292374,BC,19/20,649
100,P,-61.81316427045544,-33.678158550392304,102.292374,BC,19/20,650
101,P,-61.80691180219133,-33.67925697323903,101.741867,BC,19/20,651
103,S,-61.822265085373196,-33.658615841060154,106.89241,BC,19/20,653
104,M,-61.82712811624528,-33.66052405264405,106.89241,BC,19/20,654
105,S,-61.81874517731341,-33.66326100951663,104.774338,BC,19/20,655
110,S,-61.81842097525527,-33.67185680079717,103.393394,BC,19/20,660
111,M,-61.79512474164901,-33.69374713270138,101.816513,BC,19/20,661
112,M,-61.79970988504269,-33.69605916618089,101.816513,BC,19/20,662
113,S,-61.79192903564734,-33.69848673438068,101.172691,BC,19/20,663
115,X,-61.78752915057261,-33.70324533968982,99.455849,BC,19/20,665
116,S,-61.79151220442976,-33.70565344030444,99.455849,BC,19/20,666
118,S,-61.78512079242645,-33.714476144088145,95.555618,BC,19/20,668
119,S,-61.80373925347954,-33.68199333404279,102.432335,BC,19/20,669
120,M,-61.809227531178045,-33.68415152901434,102.432335,BC,19/20,670
121,S,-61.80112247972457,-33.68603990516791,101.256668,BC,19/20,671
122,M,-61.8067265438724,-33.68856409829664,101.256668,BC,19/20,672
124,P,-61.80422555656676,-33.6908762712229,102.264381,BC,19/20,674
125,M,-61.797046796707974,-33.69099187823634,101.947144,BC,19/20,675
126,X,-61.80186351300033,-33.69363152939444,101.947144,BC,19/20,676
127,P,-62.172698925443676,-33.868181933588005,104.783669,BC,19/20,677
128,s,-62.17327785769035,-33.87003741587461,104.783669,BC,19/20,678
129,P,-62.16739590606408,-33.86899911987568,102.255051,BC,19/20,679
130,s,-62.1681253606949,-33.87118144961965,102.255051,BC,19/20,680
131,P,-62.16142132527835,-33.87000857448961,101.835175,BC,19/20,681
132,S,-62.162069729394624,-33.87247928446385,101.835175,BC,19/20,682
133,P,-62.15586357571021,-33.87111415394144,101.956474,BC,19/20,683
135,S,-62.19464045759286,-33.86376899246148,104.988945,BC,19/20,685
138,M,-62.192984711367366,-33.866739821056285,104.195839,BC,19/20,688
139,M,-62.18867745545205,-33.864816966453006,102.460327,BC,19/20,689
141,S,-62.18217025699937,-33.86641293882906,103.45871,BC,19/20,691
143,N,-62.14275076032289,-33.88043410016295,98.923996,BC,19/20,693
144,A,-62.144765444541335,-33.88177985667162,98.923996,BC,19/20,694
146,S,-62.14146553073526,-33.88390418624725,99.166595,BC,19/20,696
148,S,-62.136116196775944,-33.88675897119544,98.998642,BC,19/20,698
150,P,-62.1342404562967,-33.888392980196286,98.60675,BC,19/20,700
151,M,-62.152343667650385,-33.87181594912007,102.077766,BC,19/20,701
153,M,-62.14631119364,-33.8724023762824,101.685883,BC,19/20,703
156,s,-62.145801733262914,-33.87494030968054,100.510216,BC,19/20,706
157,N,-62.14209656688415,-33.875411357197095,100.631516,BC,19/20,707
158,s,-62.14495649218275,-33.875113347845875,100.631516,BC,19/20,708
161,P,-62.17158737553008,-33.8154809475918,101.359306,BC,19/20,711
162,P,-62.173092599371444,-33.81292200703044,101.359306,BC,19/20,712
163,S,-62.1814755383034,-33.820569740980176,100.463562,BC,19/20,713
167,S,-62.14523437966117,-33.80012615605595,101.919151,BC,19/20,717
168,S,-62.1499584667941,-33.798278777411824,101.919151,BC,19/20,718
170,S,-62.153594161303246,-33.80158863587024,101.947144,BC,19/20,720
171,M,-62.15296891447683,-33.80634152266798,102.077766,BC,19/20,721
173,S,-62.16010135975593,-33.80997816869702,100.91143,BC,19/20,723
174,N,-62.16197710023518,-33.80801555353172,100.91143,BC,19/20,724
179,S,-62.201043448241165,-33.86302867280632,108.973152,BC,19/20,729
180,S,-62.20192342525612,-33.86518231216011,108.973152,BC,19/20,730
184,M,-62.19198894790311,-33.82207034813988,101.27533,BC,19/20,734
185,M,-62.19562464241226,-33.826783622454094,102.096428,BC,19/20,735
187,M,-62.199677168139026,-33.82851496409666,103.328079,BC,19/20,737
188,P,-62.20282655956097,-33.82734150303402,103.328079,BC,19/20,738
190,S,-62.2106537235361,-33.832708512982165,105.614105,BC,19/20,740
192,P,-62.05789087160448,-33.83252096186452,105.698082,BC,19/20,742
193,N,-62.055575142617755,-33.82521095674275,103.981232,BC,19/20,743
194,P,-62.05242575119581,-33.827865715089246,103.981232,BC,19/20,744
196,P,-62.04774797864263,-33.82694233023091,105.511467,BC,19/20,746
197,M,-62.04478384553963,-33.82182505838521,104.233162,BC,19/20,747
199,X,-62.07729668051321,-33.84944699485444,105.595444,BC,19/20,749
201,X,-62.07488832236702,-33.846023590485494,106.845757,BC,19/20,751
202,s,-62.07062738103145,-33.848023798462556,106.845757,BC,19/20,752
204,s,-62.06696852923243,-33.84310012536146,108.273346,BC,19/20,754
205,X,-62.066598012594554,-33.83729136497135,107.377602,BC,19/20,755
206,S,-62.06307810453473,-33.839714935519645,107.377602,BC,19/20,756
208,m,-62.0007849947919,-33.80358507290333,101.480606,BC,19/20,758
209,U,-61.994069380730416,-33.79538735735994,100.958084,BC,19/20,759
210,S,-61.99133682052607,-33.798350941388456,100.958084,BC,19/20,760
211,X,-61.98920634985829,-33.793347428216336,101.872498,BC,19/20,761
212,P,-61.98642747507423,-33.79515642442523,101.872498,BC,19/20,762
214,P,-61.98110129840477,-33.7926931010247,101.023399,BC,19/20,764
215,S,-62.040245016725656,-33.82009358128213,102.24572,BC,19/20,765
217,S,-62.035567244172476,-33.81728466608763,102.712257,BC,19/20,767
219,S,-62.03181576321399,-33.8152837387296,103.365402,BC,19/20,769
220,S,-62.03024106750303,-33.8182851122135,103.365402,BC,19/20,770
221,S,-62.029546348806996,-33.81432173776152,102.684265,BC,19/20,771
222,S,-62.02611906990666,-33.81609181118188,102.684265,BC,19/20,772
223,X,-62.1206702844345,-33.90174262222331,104.139854,BC,19/20,773
225,S,-62.12083238546357,-33.905740380477205,103.402725,BC,19/20,775
227,X,-62.116270399359735,-33.913504721388804,107.097679,BC,19/20,777
228,S,-62.12013766676756,-33.915119000480644,107.097679,BC,19/20,778
230,S,-62.11571462440292,-33.92126835497485,105.418159,BC,19/20,780
231,P,-62.12928479626512,-33.893631209797775,101.583244,BC,19/20,781
233,S,-62.127594314104805,-33.89499598009328,102.068436,BC,19/20,783
234,S,-62.13004898683073,-33.89572641156047,102.068436,BC,19/20,784
236,S,-62.128867965047505,-33.897936889726616,101.368637,BC,19/20,786
237,N,-62.12298601342123,-33.89653372327178,103.281425,BC,19/20,787
238,M,-62.121596576029205,-33.897936889726616,103.281425,BC,19/20,788
243,X,-62.083132317559745,-33.86198548421543,106.929733,BC,19/20,793
244,M,-62.085873,-33.862328,106.929733,BC,19/20,794
245,X,-62.08192813848665,-33.852677947296456,105.912682,BC,19/20,795
246,S,-62.07813034294843,-33.85656262116124,105.912682,BC,19/20,796
249,B,-62.10038449851082,-33.93195180289746,107.368271,BC,19/20,799
250,S,-62.10455281068691,-33.93427662031858,107.368271,BC,19/20,800
256,m,-61.97600669463397,-33.7906915985705,101.480606,BC,19/20,806
257,M,-61.97299624695123,-33.783301030338016,102.37635,BC,19/20,807
258,B,-61.97017105758744,-33.786765438619256,102.37635,BC,19/20,808
259,S,-62.28209975209888,-33.65582904126492,112.789406,BC,19/20,809
260,M,-62.283767076969326,-33.6606092826971,112.789406,BC,19/20,810
262,M,-62.14669039426184,-33.683952512464856,113.741135,BC,19/20,812
264,S,-62.13467176082072,-33.68605285148026,112.22023,BC,19/20,814
265,S,-62.093961245234105,-33.68992581912557,106.780441,BC,19/20,815
267,S,-62.30414549205248,-33.645997871529985,113.451881,BC,19/20,817
268,B,-62.305699925135364,-33.64836420175767,113.451881,BC,19/20,818
269,M,-62.30145924642788,-33.648581071946204,114.89814,BC,19/20,819
270,B,-62.302570796341506,-33.65181960175592,114.89814,BC,19/20,820
271,S,-62.29854142790461,-33.65012324419521,114.590225,BC,19/20,821
272,P,-62.30030138193452,-33.65386289715375,114.590225,BC,19/20,822
275,X,-61.89389058293203,-33.60578592278622,106.052643,BC,19/20,825
276,S,-61.887591800088195,-33.60185130451472,106.052643,BC,19/20,826
278,s,-61.78419450083181,-33.832435902487894,103.701309,BC,19/20,828
280,S,-61.77099484560758,-33.83495578819747,100.799461,BC,19/20,830
281,S,-61.7508016888435,-33.834244072280484,100.053009,BC,19/20,831
282,S,-61.7525616428734,-33.83803341042636,100.053009,BC,19/20,832
285,S,-61.66887119729383,-33.8500158460702,103.533356,BC,19/20,835
286,s,-61.671580600208266,-33.85265060250831,103.533356,BC,19/20,836
287,M,-61.66136823537689,-33.8512274594886,102.908203,BC,19/20,837
288,M,-61.66296608837772,-33.85518912307904,102.908203,BC,19/20,838
289,s,-61.51881195895525,-33.83335922801195,102.255051,BC,19/20,839
290,X,-61.51719094866455,-33.83697549028494,102.255051,BC,19/20,840
291,P,-61.69330213810358,-33.845476950981045,106.463196,BC,19/20,841
293,S,-61.69019906126139,-33.84630397101798,106.341896,BC,19/20,843
294,S,-61.69089377995742,-33.848323404909436,106.341896,BC,19/20,844
296,S,-61.686957040680014,-33.84936195232367,107.452248,BC,19/20,846
298,X,-61.68299714411275,-33.85024663090338,106.911072,BC,19/20,848
299,M,-61.89429040801498,-33.808559125474886,95.966164,BC,19/20,849
303,P,-61.879631843529026,-33.81192630834289,103.514694,BC,19/20,853
304,M,-61.88287386411044,-33.813273144383096,103.514694,BC,19/20,854
311,S,-61.91351095860478,-33.80546120019464,101.293991,BC,19/20,861
313,M,-61.90570695191952,-33.80655799401993,101.965805,BC,19/20,863
314,S,-61.906540614354746,-33.80892471174212,101.965805,BC,19/20,864
315,M,-61.823214534257815,-33.821547603562195,60.42556,BC,19/20,865
316,S,-61.82603972362159,-33.82487579966485,60.42556,BC,19/20,866
317,M,-61.81193693409254,-33.82352914632437,98.634743,BC,19/20,867
318,S,-61.81596630252941,-33.82654946782859,98.634743,BC,19/20,868
319,S,-61.80038144644889,-33.82452951940288,103.691978,BC,19/20,869
320,S,-61.8050823762919,-33.828800211291295,103.691978,BC,19/20,870
321,S,-61.79711626857763,-33.824856561909314,103.608002,BC,19/20,871
323,B,-61.87367426887814,-33.81263971319913,103.934578,BC,19/20,873
326,M,-61.865383959105735,-33.813794135761746,102.115089,BC,19/20,876
327,P,-61.85943253560988,-33.81496778272974,101.919151,BC,19/20,877
329,s,-61.84891912601022,-33.81675708236322,102.096428,BC,19/20,879
330,S,-61.8507717091996,-33.81958525383016,102.096428,BC,19/20,880
332,S,-61.36921586641401,-33.74401981967528,94.174675,BC,19/20,882
335,S,-61.35462677379777,-33.73077071979673,93.661484,BC,19/20,885
336,S,-61.34981005750541,-33.73500757310387,93.661484,BC,19/20,886
341,s,-61.38060925302861,-33.75341619655122,92.635109,BC,19/20,891
342,M,-61.376394626272806,-33.75133675923955,92.635109,BC,19/20,892
343,M,-61.382091319580105,-33.75152930184996,92.64444,BC,19/20,893
345,S,-61.3788492989987,-33.743711724313215,95.378334,BC,19/20,895
350,S,-61.33813878341241,-33.69463341955463,101.070053,BC,19/20,900
351,M,-61.353978369681485,-33.69012482184493,90.71299,BC,19/20,901
352,X,-61.348050103475515,-33.68735018260945,90.71299,BC,19/20,902
353,P,-61.36912323725455,-33.678852292770216,89.070786,BC,19/20,903
354,P,-61.36497808236834,-33.67586530658904,89.070786,BC,19/20,904
355,s,-61.33535990862836,-33.71925312504546,99.94104,BC,19/20,905
356,s,-61.33137685477123,-33.72441504758912,99.94104,BC,19/20,906
358,X,-61.31752879543072,-33.709660370089814,105.54879,BC,19/20,908
359,s,-61.32697696969648,-33.71046943899618,105.940674,BC,19/20,909
361,S,-61.337768266774546,-33.70233987639476,103.132141,BC,19/20,911
365,N,-61.42169028525278,-33.81285135850187,88.949486,BC,19/20,915
366,X,-61.42006927496208,-33.81893112724675,88.949486,BC,19/20,916
369,S,-61.394364683209645,-33.80757931049758,92.457825,BC,19/20,919
370,X,-61.39269735833921,-33.811812367446144,92.457825,BC,19/20,920
371,B,-61.49991561042372,-33.828665553092435,100.762138,BC,19/20,921
372,P,-61.49885037508983,-33.833705472512214,100.762138,BC,19/20,922
373,S,-61.47120057098855,-33.82185541904243,96.675301,BC,19/20,923
374,X,-61.46967218985733,-33.82778065108074,96.675301,BC,19/20,924
379,S,-61.36162027533762,-33.77952039503532,94.725182,BC,19/20,929
382,S,-61.359767692148246,-33.7732838316921,94.58522,BC,19/20,932
383,s,-61.36926218099374,-33.7701268796449,90.918259,BC,19/20,933
385,S,-61.37560727841731,-33.76154092176809,89.546654,BC,19/20,935
386,s,-61.370697932965506,-33.758653074474445,89.546654,BC,19/20,936
387,S,-61.38399021734921,-33.80615541699841,90.255783,BC,19/20,937
388,M,-61.38167448836249,-33.809349523427606,90.255783,BC,19/20,938
393,s,-61.359536119249576,-33.782446033711885,96.693962,BC,19/20,943
394,S,-61.35434888631935,-33.779982344628124,96.693962,BC,19/20,944
395,P,-61.407842225912255,-33.643579966674984,84.480087,BC,19/20,945
397,P,-61.39723618715313,-33.63806615465207,88.370987,BC,19/20,947
398,P,-61.3943183686299,-33.641112290259024,88.370987,BC,19/20,948
399,S,-61.386861721292696,-33.63216637039855,85.469139,BC,19/20,949
400,P,-61.383527071551846,-33.63621528545374,85.469139,BC,19/20,950
401,S,-61.38056293844886,-33.630161122944465,84.955948,BC,19/20,951
402,S,-61.3785714115203,-33.63436437647563,84.955948,BC,19/20,952
403,P,-61.39065951683091,-33.66543894819558,85.329178,BC,19/20,953
405,P,-61.39695829967475,-33.66108301570009,86.458191,BC,19/20,955
406,P,-61.39019637103357,-33.656688311649766,86.458191,BC,19/20,956
410,P,-61.40381285747541,-33.64893920777065,82.697922,BC,19/20,960
411,S,-61.34119554567487,-33.616817326255465,91.272827,BC,19/20,961
413,M,-61.315583583081896,-33.60713599552388,89.070786,BC,19/20,963
414,S,-61.310303720992195,-33.611880369158634,89.070786,BC,19/20,964
416,M,-61.36828957481932,-33.63097094003581,84.965279,BC,19/20,966
417,M,-61.36639067705022,-33.625340625584165,87.895119,BC,19/20,967
419,M,-61.35717407568314,-33.62163830048695,89.677277,BC,19/20,969
420,S,-61.35481203211669,-33.625340625584165,89.677277,BC,19/20,970
421,S,-61.35277419060839,-33.62036558949253,88.417633,BC,19/20,971
422,S,-61.35027320330274,-33.62391370662813,88.417633,BC,19/20,972
423,S,-61.739964077185725,-33.83668696433732,100.967415,BC,19/20,973
426,M,-61.720882470335255,-33.84395752121233,107.246971,BC,19/20,976
427,M,-61.711943756446566,-33.841841814505315,109.738266,BC,19/20,977
430,M,-61.69758623672899,-33.847515637080896,108.1054,BC,19/20,980
431,S,-61.790863800313524,-33.826549467828585,102.133751,BC,19/20,981
2,s,-61.38612009776426,-33.486793753828636,92.16997649999996,BCR,19/20,984
3,M,-61.38332991964006,-33.491026600097484,92.16997649999996,BCR,19/20,985
5,S,-61.392515847728134,-33.49082193238621,90.7299764999999,BCR,19/20,987
6,S,-61.392167278597015,-33.49652224740373,90.96997649999992,BCR,19/20,988
8,S,-61.399806952828555,-33.49446881638272,90.4899764999999,BCR,19/20,990
9,S,-61.40208128522312,-33.49569620931254,91.20997649999993,BCR,19/20,991
10,S,-61.404058467224445,-33.496433732530704,91.44997649999993,BCR,19/20,992
11,M,-61.40342960639117,-33.502758587139056,91.44997649999993,BCR,19/20,993
13,M,-61.40982920725207,-33.5067148226309,90.7299764999999,BCR,19/20,995
14,M,-61.41916142446013,-33.50482981034742,89.28997650000008,BCR,19/20,996
16,N,-61.42514621842321,-33.50884697400858,87.1199765,BCR,19/20,998
18,N,-61.4450235981605,-33.51754051518259,85.19997649999993,BCR,19/20,1000
20,U,-61.46576267680604,-33.52742031429602,91.20997649999993,BCR,19/20,1002
21,N,-61.469000999696334,-33.52587999956228,91.68997649999994,BCR,19/20,1003
24,P,-61.483113449026405,-33.52316338778007,96.7399764999999,BCR,19/20,1006
28,S,-61.48477395185637,-33.495303751466906,116.92997649999995,BCR,19/20,1010
30,U,-61.490169211439934,-33.45821861509694,114.03997650000008,BCR,19/20,1012
31,S,-61.509838930522164,-33.46529329654834,99.3799765,BCR,19/20,1013
33,S,-61.52022068173903,-33.46342002941077,98.17997649999995,BCR,19/20,1015
39,s,-61.53600654366704,-33.47306674763223,94.32997650000004,BCR,19/20,1021
41,S,-61.54183913726632,-33.47460936642909,94.32997650000004,BCR,19/20,1023
42,s,-61.540673384768866,-33.47986871776709,93.1299765,BCR,19/20,1024
44,N,-61.5525621218444,-33.4789246994153,91.44997649999993,BCR,19/20,1026
45,N,-61.5588360001812,-33.48642999964471,92.6499765,BCR,19/20,1027
47,N,-61.58288000820579,-33.49865435381531,90.96997649999992,BCR,19/20,1029
48,s,-61.6021918339859,-33.51779538754704,95.05997650000006,BCR,19/20,1030
50,S,-61.61194574869728,-33.52047340762164,99.6199765,BCR,19/20,1032
51,M,-61.61629437908226,-33.52405797849286,100.33997650000003,BCR,19/20,1033
52,M,-61.61993738700079,-33.51970771044245,101.53997650000008,BCR,19/20,1034
53,s,-61.62109519488729,-33.527539868370184,99.6199765,BCR,19/20,1035
54,M,-61.625175119536095,-33.5235210859293,98.65997649999997,BCR,19/20,1036
57,S,-61.641005925083334,-33.537854485196306,107.06997650000005,BCR,19/20,1039
61,s,-61.651933498232324,-33.54399364958721,104.90997649999997,BCR,19/20,1043
62,M,-61.67009887905999,-33.552095107702996,102.2699765000001,BCR,19/20,1044
63,S,-61.67501208404042,-33.54898040652051,102.50997649999988,BCR,19/20,1045
64,N,-61.68121439972475,-33.5512335454917,103.94997649999993,BCR,19/20,1046
65,M,-61.68157705044047,-33.557528823196606,105.38997649999999,BCR,19/20,1047
70,s,-61.69764248551223,-33.56062093970456,103.70997649999993,BCR,19/20,1052
73,S,-61.70706085417504,-33.566762111382275,105.1499765,BCR,19/20,1055
75,S,-61.714056265783995,-33.56984782921393,102.0199765000001,BCR,19/20,1057
78,s,-61.733975460399165,-33.58820680619908,103.94997649999993,BCR,19/20,1060
79,s,-61.742362122314034,-33.58480809281917,104.90997649999997,BCR,19/20,1061
80,N,-61.741152681650874,-33.591190246832355,106.82997650000004,BCR,19/20,1062
81,M,-61.749497070033726,-33.58835513228348,107.30997650000006,BCR,19/20,1063
82,M,-61.75269610154379,-33.59848652573254,112.1199765,BCR,19/20,1064
83,M,-61.758653288118694,-33.594329078624014,115.4799764999999,BCR,19/20,1065
84,P,-61.761218809300544,-33.59619664945575,116.92997649999995,BCR,19/20,1066
85,s,-61.7642486855284,-33.59691755949774,117.40997649999997,BCR,19/20,1067
86,S,-61.76112860190341,-33.601709141063964,116.67997649999995,BCR,19/20,1068
87,S,-61.767006096853834,-33.59869731422964,117.40997649999997,BCR,19/20,1069
88,M,-61.77153822221112,-33.59992668836594,118.3699765,BCR,19/20,1070
89,M,-61.76980584196599,-33.6078113361242,119.80997650000006,BCR,19/20,1071
90,M,-61.775226897703135,-33.611997898783954,119.32997650000004,BCR,19/20,1072
91,s,-61.78334995033987,-33.607192010802635,119.32997650000004,BCR,19/20,1073
92,M,-61.780566673613066,-33.6148198562513,117.6499765,BCR,19/20,1074
99,s,-61.79837482214032,-33.62325132328988,118.1299765,BCR,19/20,1081
101,P,-61.81537052403041,-33.63129091524348,110.67997649999995,BCR,19/20,1083
102,P,-61.81849794702259,-33.6278980033901,110.91997649999996,BCR,19/20,1084
104,M,-61.81847838317083,-33.63273187467621,108.74997649999989,BCR,19/20,1086
105,S,-61.82569056107047,-33.6299359921523,107.78997650000008,BCR,19/20,1087
106,s,-61.82266962050653,-33.63617186064283,107.30997650000006,BCR,19/20,1088
107,S,-61.82620458657237,-33.638246096580076,108.2699765000001,BCR,19/20,1089
108,s,-61.835922941190745,-33.63511815557837,107.78997650000008,BCR,19/20,1090
109,M,-61.84409590620106,-33.647732838000024,106.58997650000003,BCR,19/20,1091
110,U,-61.85584319071063,-33.64254009764733,109.95997649999993,BCR,19/20,1092
113,S,-61.86337600479874,-33.655031112495806,111.3999765,BCR,19/20,1095
114,S,-61.87250832699766,-33.65223364446706,110.43997649999994,BCR,19/20,1096
116,T,-61.87400085715382,-33.66380658910276,111.15997649999997,BCR,19/20,1098
117,S,-61.8865900491914,-33.656844177216954,109.95997649999993,BCR,19/20,1099
118,M,-61.891263759314995,-33.66181888953008,109.95997649999993,BCR,19/20,1100
119,S,-61.88618110947061,-33.66708799671363,109.4799764999999,BCR,19/20,1101
121,s,-61.89674946281741,-33.6727175296902,107.30997650000006,BCR,19/20,1103
122,M,-61.908568912525254,-33.67151332398066,107.78997650000008,BCR,19/20,1104
123,s,-61.90758601378349,-33.67750440870145,107.30997650000006,BCR,19/20,1105
124,N,-61.92431956869308,-33.67773405238455,106.34997650000003,BCR,19/20,1106
125,N,-61.92254799329521,-33.68959015666036,107.30997650000006,BCR,19/20,1107
127,M,-61.940225286867474,-33.689207235225695,111.63997649999999,BCR,19/20,1109
129,M,-61.96409595056764,-33.702493534049324,113.31997650000005,BCR,19/20,1111
131,s,-61.99408236570855,-33.71809781835958,107.78997650000008,BCR,19/20,1113
132,s,-62.01515681953157,-33.737064600351005,111.63997649999999,BCR,19/20,1114
133,M,-62.01782717018773,-33.73800989663937,112.35997650000002,BCR,19/20,1115
134,S,-62.027066233819596,-33.73547275266537,110.19997649999993,BCR,19/20,1116
135,S,-62.02990034832237,-33.7464923399495,111.3999765,BCR,19/20,1117
137,S,-62.04037185367804,-33.75153440069198,111.63997649999999,BCR,19/20,1119
138,s,-62.044965712997225,-33.752938836857766,112.83997650000003,BCR,19/20,1120
140,S,-62.05507752460801,-33.7586057951213,114.27997650000009,BCR,19/20,1122
141,S,-62.060718678624085,-33.75418242747702,114.27997650000009,BCR,19/20,1123
142,s,-62.0602675274244,-33.75970593218295,113.31997650000005,BCR,19/20,1124
144,N,-62.097658681502935,-33.775093029319805,107.78997650000008,BCR,19/20,1126
146,N,-62.10894035911025,-33.78567541568782,104.90997649999997,BCR,19/20,1128
147,N,-62.11445387684489,-33.792968628799144,107.78997650000008,BCR,19/20,1129
148,s,-62.12557262067986,-33.78326494032467,108.9899764999999,BCR,19/20,1130
149,s,-62.12622332154899,-33.79265059974534,110.67997649999995,BCR,19/20,1131
151,M,-62.146739701076285,-33.79392751024636,114.03997650000008,BCR,19/20,1133
153,M,-62.1464374713122,-33.80670658604009,110.43997649999994,BCR,19/20,1135
154,N,-62.15455434110993,-33.802400431534636,110.67997649999995,BCR,19/20,1136
155,N,-62.16312860160366,-33.808205081399365,110.43997649999994,BCR,19/20,1137
157,N,-62.17761013000347,-33.81436823430653,110.67997649999995,BCR,19/20,1139
160,N,-62.202339154328456,-33.82508264744615,113.31997650000005,BCR,19/20,1142
161,s,-62.20417790818385,-33.83566508327692,117.16997649999996,BCR,19/20,1143
162,S,-62.21100806666891,-33.833407188690785,117.40997649999997,BCR,19/20,1144
164,s,-62.20792930149605,-33.84151208221675,116.19997649999993,BCR,19/20,1146
166,M,-62.20864695419357,-33.84621780280929,114.99997649999989,BCR,19/20,1148
168,s,-62.21882458898358,-33.854760043840884,114.75997649999988,BCR,19/20,1150
169,s,-62.21229765940939,-33.857867997410096,114.5199765000001,BCR,19/20,1151
170,M,-62.22396239604768,-33.86367859269285,112.59997650000003,BCR,19/20,1152
171,S,-62.22095678802532,-33.867477487296185,113.07997650000004,BCR,19/20,1153
172,N,-62.221067853398665,-33.87489594988813,113.31997650000005,BCR,19/20,1154
173,S,-62.22939906851218,-33.87933687499674,115.2399764999999,BCR,19/20,1155
174,N,-62.23739957053374,-33.89068536683618,115.4799764999999,BCR,19/20,1156
176,s,-62.226770756665076,-33.89587049172974,116.67997649999995,BCR,19/20,1158
177,S,-62.23388067625217,-33.89695123311287,117.40997649999997,BCR,19/20,1159
179,S,-62.23137937655696,-33.90950277863027,121.00997649999988,BCR,19/20,1161
181,N,-62.24345032976885,-33.92164713450762,112.83997650000003,BCR,19/20,1163
183,S,-62.25382438368831,-33.92434968449032,114.03997650000008,BCR,19/20,1165
184,s,-62.2492670961995,-33.93045920992455,115.95997649999993,BCR,19/20,1166
186,S,-62.26520140562036,-33.937740383811615,114.99997649999989,BCR,19/20,1168
190,s,-62.276241876061704,-33.95893138797311,115.95997649999993,BCR,19/20,1172
194,s,-62.263931770634656,-33.993212798831564,118.84997650000003,BCR,19/20,1176
197,M,-62.26602231128061,-34.009228997819946,117.88997649999999,BCR,19/20,1179
199,s,-62.27760892920867,-34.01284251966649,117.6499765,BCR,19/20,1181
203,s,-62.284262373609636,-34.026626559967724,115.71997649999992,BCR,19/20,1185
206,M,-62.29496241648229,-34.03606407339822,116.67997649999995,BCR,19/20,1188
208,M,-62.32144946342197,-34.051558302273804,115.71997649999992,BCR,19/20,1190
209,N,-62.32050756387292,-34.05804699087588,115.71997649999992,BCR,19/20,1191
211,s,-62.33338621080492,-34.0750868269954,112.35997650000002,BCR,19/20,1193
213,s,-62.341820402789324,-34.07335536046145,113.31997650000005,BCR,19/20,1195
214,M,-62.34226706547264,-34.08082236665888,114.03997650000008,BCR,19/20,1196
216,N,-62.34928810596131,-34.0841092151681,113.31997650000005,BCR,19/20,1198
221,M,-62.37018360638831,-34.09615350078337,111.8799765,BCR,19/20,1203
223,M,-62.380133535534185,-34.10217426403102,111.63997649999999,BCR,19/20,1205
224,S,-62.38865472343667,-34.10316064584708,111.3999765,BCR,19/20,1206
225,S,-62.38587122367801,-34.10807390029021,111.15997649999997,BCR,19/20,1207
226,N,-62.39566757649743,-34.10519668308041,109.95997649999993,BCR,19/20,1208
228,S,-62.40243389480838,-34.11612650633316,110.43997649999994,BCR,19/20,1210
229,s,-62.408425201661714,-34.113652144031164,109.4799764999999,BCR,19/20,1211
230,M,-62.4082077267052,-34.11975149903242,110.19997649999993,BCR,19/20,1212
231,s,-62.416171738734704,-34.12463650756871,110.67997649999995,BCR,19/20,1213
234,M,-62.43639619472856,-34.12822776220145,113.07997650000004,BCR,19/20,1216
235,M,-62.44070353993635,-34.132548313953464,112.59997650000003,BCR,19/20,1217
237,M,-62.437627291965896,-34.14279931004006,114.5199765000001,BCR,19/20,1219
238,S,-62.443820570363016,-34.14247511703297,114.99997649999989,BCR,19/20,1220
242,S,-62.46459130244659,-34.15516070470272,115.4799764999999,BCR,19/20,1224
243,M,-62.48059306192022,-34.16244277971049,115.95997649999993,BCR,19/20,1225
245,N,-62.497847116551156,-34.16829695164296,111.8799765,BCR,19/20,1227
246,S,-62.50977678357168,-34.175588993836925,113.07997650000004,BCR,19/20,1228
247,M,-62.519368474075804,-34.1858611518706,114.75997649999988,BCR,19/20,1229
248,P,-62.5291070760307,-34.18253743385543,114.99997649999989,BCR,19/20,1230
250,M,-62.54333398567485,-34.187376723556895,116.43997649999994,BCR,19/20,1232
251,N,-62.55282565268169,-34.19587035173532,117.16997649999996,BCR,19/20,1233
253,N,-62.57035525239297,-34.20141501479105,116.19997649999993,BCR,19/20,1235
254,S,-62.571045022509736,-34.20753988625671,116.67997649999995,BCR,19/20,1236
258,s,-62.61108088577424,-34.222203427546106,114.03997650000008,BCR,19/20,1240
260,N,-62.651799344364235,-34.244248965717134,110.19997649999993,BCR,19/20,1242
262,S,-62.66604212074725,-34.26048631519126,108.9899764999999,BCR,19/20,1244
266,N,-62.68736396727326,-34.27293394764354,110.43997649999994,BCR,19/20,1248
268,N,-62.69433148101302,-34.29166891139113,109.4799764999999,BCR,19/20,1250
271,s,-62.74746839265214,-34.309101342952545,111.15997649999997,BCR,19/20,1253
272,S,-62.751414328208625,-34.31645249039008,110.19997649999993,BCR,19/20,1254
273,s,-62.76697151052673,-34.30477596543841,112.1199765,BCR,19/20,1255
274,M,-62.768843973670414,-34.31438438872851,112.83997650000003,BCR,19/20,1256
277,N,-62.7881428671995,-34.31000053099967,112.83997650000003,BCR,19/20,1259
278,S,-62.791960070201014,-34.316600801185984,117.6499765,BCR,19/20,1260
279,s,-62.80215576877367,-34.312317826706305,121.00997649999988,BCR,19/20,1261
280,S,-62.797420910146855,-34.32021590314139,122.20997649999993,BCR,19/20,1262
284,S,-62.82580957804953,-34.33320159098059,126.29997650000007,BCR,19/20,1266
285,s,-62.830222732093375,-34.33977763343097,126.77997650000009,BCR,19/20,1267
286,N,-62.83023894866852,-34.34878307208106,126.77997650000009,BCR,19/20,1268
287,N,-62.835791943943036,-34.35494948143338,124.13997649999999,BCR,19/20,1269
288,N,-62.8616878835889,-34.37532678620215,120.28997650000008,BCR,19/20,1270
289,s,-62.11338399477552,-34.375040000495574,114.27997650000009,BCR,19/20,1271
290,s,-62.11314742271537,-34.37142485357407,114.27997650000009,BCR,19/20,1272
292,M,-62.11806414764226,-34.36616142740792,113.79997650000007,BCR,19/20,1274
293,M,-62.10445814073057,-34.36296271875443,112.59997650000003,BCR,19/20,1275
294,s,-62.103341140481234,-34.3542759926429,111.63997649999999,BCR,19/20,1276
296,N,-62.08221043226558,-34.34504742589792,108.9899764999999,BCR,19/20,1278
297,M,-62.06468956407207,-34.342991287018265,109.2299764999999,BCR,19/20,1279
298,M,-62.06750214610713,-34.33718342477516,110.43997649999994,BCR,19/20,1280
299,S,-62.06100014574008,-34.3338099958346,108.9899764999999,BCR,19/20,1281
300,S,-62.055471711849975,-34.333535428317305,107.06997650000005,BCR,19/20,1282
302,S,-62.05774771878214,-34.321976995142165,110.67997649999995,BCR,19/20,1284
303,M,-62.05110171087523,-34.31821299873087,114.27997650000009,BCR,19/20,1285
305,M,-62.04156771008172,-34.30988113790414,113.31997650000005,BCR,19/20,1287
307,s,-62.04108528765585,-34.306413713621964,112.1199765,BCR,19/20,1289
309,S,-62.03468384948002,-34.29353971618491,121.7299764999999,BCR,19/20,1291
310,M,-62.04050271762628,-34.28579885473334,120.7699765000001,BCR,19/20,1292
311,s,-62.03105470730884,-34.27715914068176,115.4799764999999,BCR,19/20,1293
312,M,-62.03680900233354,-34.274776282599305,114.99997649999989,BCR,19/20,1294
313,N,-62.03081142450759,-34.26976271327857,113.31997650000005,BCR,19/20,1295
317,M,-62.030198147126725,-34.237564857132384,108.2699765000001,BCR,19/20,1299
319,M,-62.029450576682734,-34.22532871374909,105.6299765,BCR,19/20,1301
320,M,-62.02771686094434,-34.21800385529366,104.66997649999996,BCR,19/20,1302
323,S,-62.027178149052304,-34.20000128503125,105.1499765,BCR,19/20,1305
324,S,-62.02013156781754,-34.19642885500758,108.02997650000009,BCR,19/20,1306
325,S,-62.014969561795795,-34.18684085352254,110.43997649999994,BCR,19/20,1307
326,M,-62.015353278231146,-34.17974285534848,112.35997650000002,BCR,19/20,1308
330,M,-62.01329428760124,-34.14147556824281,103.46997649999992,BCR,19/20,1312
332,S,-62.00583313868839,-34.129058856281176,101.05997650000006,BCR,19/20,1314
333,N,-62.01168986289679,-34.12641914192983,100.81997650000005,BCR,19/20,1315
335,S,-62.0029311388609,-34.10588900097656,101.29997650000007,BCR,19/20,1317
337,P,-61.996836432455325,-34.09858157048302,107.54997650000007,BCR,19/20,1319
339,s,-61.98920500140963,-34.089699994559055,100.57997650000004,BCR,19/20,1321
340,S,-61.98697343177844,-34.08614513728821,99.3799765,BCR,19/20,1322
341,M,-61.97740428008342,-34.08737500155502,99.6199765,BCR,19/20,1323
342,s,-61.983540433544135,-34.084071426555056,98.8999765,BCR,19/20,1324
343,M,-61.97445356667873,-34.08478343151012,97.45997649999993,BCR,19/20,1325
344,s,-61.974306429498085,-34.0765498539925,99.6199765,BCR,19/20,1326
345,N,-61.96635642980533,-34.068591853930855,97.69997649999993,BCR,19/20,1327
347,S,-61.95283714451858,-34.05437285382408,98.41997649999996,BCR,19/20,1329
349,s,-61.94447471573551,-34.04529670867612,99.6199765,BCR,19/20,1331
351,S,-61.93539457040305,-34.03820170974109,99.13997649999999,BCR,19/20,1333
352,M,-61.92764642174495,-34.037686000708334,100.57997650000004,BCR,19/20,1334
358,s,-61.92167773823701,-34.00403562164655,107.06997650000005,BCR,19/20,1340
359,s,-61.912590118639,-33.99922200669022,101.77997650000009,BCR,19/20,1341
361,s,-61.89198449758646,-33.99324723746997,105.1499765,BCR,19/20,1343
362,S,-61.89630944612401,-33.98916070100552,104.66997649999996,BCR,19/20,1344
363,S,-61.89420933129554,-33.98690684977123,106.10997650000002,BCR,19/20,1345
366,M,-61.888293054880535,-33.97418741611631,104.90997649999997,BCR,19/20,1348
367,s,-61.87817871707409,-33.969925823917606,107.30997650000006,BCR,19/20,1349
368,s,-61.877028910455806,-33.95523631920071,104.42997649999995,BCR,19/20,1350
369,N,-61.87061717144525,-33.946802698285865,100.33997650000003,BCR,19/20,1351
372,S,-61.847748580032885,-33.92951982218199,99.85997650000002,BCR,19/20,1354
373,S,-61.85027638814478,-33.92233577597523,99.85997650000002,BCR,19/20,1355
374,S,-61.84743556829682,-33.91799200013065,96.25997649999988,BCR,19/20,1356
377,S,-61.83212909268343,-33.909003191743864,93.60997650000002,BCR,19/20,1359
378,M,-61.83300767276586,-33.898612168516706,97.21997649999992,BCR,19/20,1360
379,s,-61.829746773294914,-33.89435496411028,99.85997650000002,BCR,19/20,1361
383,M,-61.817398090549375,-33.88065619123017,96.7399764999999,BCR,19/20,1365
385,s,-61.80338143070844,-33.87239613677224,93.84997650000003,BCR,19/20,1367
390,M,-61.77715332556551,-33.82941161685261,101.05997650000006,BCR,19/20,1372
391,N,-61.76223997239674,-33.83177396859372,99.3799765,BCR,19/20,1373
392,S,-61.76721721630145,-33.827115860808306,104.90997649999997,BCR,19/20,1374
393,S,-61.75617046769287,-33.82300234198448,101.77997650000009,BCR,19/20,1375
394,T,-61.75366623980506,-33.8124743070436,103.46997649999992,BCR,19/20,1376
395,M,-61.75081902577739,-33.80783238525635,103.70997649999993,BCR,19/20,1377
397,s,-61.73628113956289,-33.798628648793056,104.66997649999996,BCR,19/20,1379
399,s,-61.73105365390296,-33.7868127424141,103.46997649999992,BCR,19/20,1381
400,s,-61.722005914741146,-33.78954061190967,102.9899764999999,BCR,19/20,1382
401,S,-61.72526219709266,-33.78432522033262,103.2299764999999,BCR,19/20,1383
402,S,-61.717990014627446,-33.78662597750679,103.46997649999992,BCR,19/20,1384
403,S,-61.71845145586997,-33.77892973771719,102.50997649999988,BCR,19/20,1385
404,M,-61.71468612036813,-33.77503530003901,101.29997650000007,BCR,19/20,1386
405,M,-61.70566739243617,-33.77426871702761,100.33997650000003,BCR,19/20,1387
407,S,-61.697011963631155,-33.77749714737541,100.33997650000003,BCR,19/20,1389
408,S,-61.69390960924102,-33.77514828456566,100.81997650000005,BCR,19/20,1390
409,s,-61.69932345421398,-33.76962422767593,100.57997650000004,BCR,19/20,1391
411,S,-61.6859725489939,-33.77038028142482,100.81997650000005,BCR,19/20,1393
412,M,-61.68228535288671,-33.76771913892708,101.29997650000007,BCR,19/20,1394
413,M,-61.68289863926077,-33.76113190261515,101.05997650000006,BCR,19/20,1395
415,S,-61.67560414641417,-33.756411822547534,101.53997650000008,BCR,19/20,1397
416,M,-61.672790217194745,-33.75379450940903,101.29997650000007,BCR,19/20,1398
417,S,-61.66842453296579,-33.75925179523409,101.29997650000007,BCR,19/20,1399
419,s,-61.66772842262856,-33.75184447254435,100.33997650000003,BCR,19/20,1401
420,S,-61.658224150723925,-33.75528511681466,97.69997649999993,BCR,19/20,1402
421,s,-61.6622870548037,-33.75032263168407,97.45997649999993,BCR,19/20,1403
422,S,-61.657694515689286,-33.74728330987682,95.77997650000009,BCR,19/20,1404
423,M,-61.64904700631428,-33.74966080350322,95.05997650000006,BCR,19/20,1405
424,S,-61.65207113317621,-33.74296006105794,94.56997650000005,BCR,19/20,1406
426,M,-61.644490970681716,-33.739191969134026,95.77997650000009,BCR,19/20,1408
427,S,-61.63662062753991,-33.74186014163217,95.53997650000008,BCR,19/20,1409
428,N,-61.63713401362378,-33.735038839670665,93.60997650000002,BCR,19/20,1410
429,S,-61.62965517414693,-33.7330155611192,91.92997649999995,BCR,19/20,1411
430,s,-61.62830826491444,-33.725065967020726,94.56997650000005,BCR,19/20,1412
432,s,-61.6240217749849,-33.71783182587802,95.77997650000009,BCR,19/20,1414
434,M,-61.61736245980961,-33.715633599510966,96.9799764999999,BCR,19/20,1416
435,s,-61.61797338006738,-33.711107601234744,97.21997649999992,BCR,19/20,1417
436,U,-61.61740956360046,-33.7025802754593,96.0199765000001,BCR,19/20,1418
437,S,-61.6051783098311,-33.70868326821824,95.29997650000007,BCR,19/20,1419
439,s,-61.5974784493709,-33.703860347976615,96.25997649999988,BCR,19/20,1421
441,S,-61.588987030826786,-33.70081410948353,97.21997649999992,BCR,19/20,1423
442,s,-61.58946935432721,-33.694796294213575,96.9799764999999,BCR,19/20,1424
445,M,-61.583797002829385,-33.69195715609783,98.8999765,BCR,19/20,1427
447,S,-61.578382404224556,-33.68993704585796,100.57997650000004,BCR,19/20,1429
448,S,-61.57185080447101,-33.690221426777384,100.81997650000005,BCR,19/20,1430
451,s,-61.55603017565204,-33.68681299172613,102.2699765000001,BCR,19/20,1433
455,N,-61.51325989762614,-33.676912331039205,96.7399764999999,BCR,19/20,1437
457,N,-61.50390020343161,-33.671510454244014,86.15997649999997,BCR,19/20,1439
458,N,-61.49077197484672,-33.66480355504001,83.5199765000001,BCR,19/20,1440
459,U,-61.458167973173374,-33.66060469505061,83.75997649999988,BCR,19/20,1441
460,U,-62.038738489689536,-34.3233366171911,-2.35e-5,BCR,19/20,1442
462,U,-61.90679494403139,-34.01075680748062,-2.35e-5,BCR,19/20,1444
464,U,-61.53102796606771,-34.18845644960544,-2.35e-5,BCR,19/20,1446
465,U,-61.3364630732122,-33.80131091906361,-2.35e-5,BCR,19/20,1447
466,U,-61.21017986410942,-33.79183403241461,-2.35e-5,BCR,19/20,1448
467,U,-61.60778623224877,-33.59913933731053,-2.35e-5,BCR,19/20,1449
469,N,-62.245215295149706,-34.322219084543065,-2.35e-5,BCR,19/20,1451
470,N,-61.48081739440721,-33.94774786866918,-2.35e-5,BCR,19/20,1452
471,N,-61.470678891817386,-33.70638984681392,-2.35e-5,BCR,19/20,1453
473,N,-61.780876345267075,-33.52741919014346,-2.35e-5,BCR,19/20,1455
